{
  "PlayerID": "",
  "StopAfter1Game": false,
  "BotAutoStart": true,
  "BotFixedTimeStart": false,
  "AutoUnpack": false,
  "StartFixedTime": "0",
  "AutoReStartOverTime30Min": true,
  "StopFixedTime": false,
  "StopFixedTimeText": "23",
  "AndCloseHS": false,
  "AndShutdownComputer": false,
  "BaconForceConcedeAtMulligan": false,
  "ForceConcedeAtMulligan": false,
  "ConcedeFast": false,
  "ArenaDontOpenRewards": false,
  "ArenaDontDraft": false,
  "AutoConcedeLag": false,
  "DontCachAndQuestDeck": true,
  "AutoConcedeMaxDelayMs": 15000,
  "AutoConcedeMinDelayMs": 1000,
  "SpectateRandomFriend": true,
  "SpectateAllowedName": "",
  "HideInactiveGameMode": true,
  "KeepRank": "51",
  "AutoConcedeAfterConstructedWin": false,
  "AutoConcedeNextConstructedGame": false,
  "RoutineMustDraftArena": true,
  "ConstructedMode": 1,
  "ConstructedModeOption": "0",
  "ConstructedRulesOption": "0",
  "ConstructedCustomDeck": "111",
  "AutoGreet": false,
  "AutoLook": true,
  "GameMode": 2,
  "ConstructedGameRule": 1,
  "PracticeDifficulty": 0,
  "PracticeOpponentClass": 3,
  "PracticeCustomDeck": "",
  "FriendlyCustomDeck": "",
  "FriendlyAllowedName": ""
}