{
  "LastDeckCachePid": 0,
  "AllowExternalAccess": false,
  "ShowGlobalTab": false,
  "ShowConfigurationTab": false,
  "ShowDevTab": false,
  "ShowToolsTab": false,
  "TopRowDefinitionHeight": "295*",
  "BottomRowDefinitionHeight": "175*",
  "SplitterRowDefinitionHeight": "Auto",
  "MsBetweenTicks": 15,
  "InputEventMsDelay": 50,
  "MsBetweenGuiTicks": 1000,
  "WindowX": 51,
  "WindowY": 34,
  "WindowWidth": 627,
  "WindowHeight": 600,
  "LastBot": "学习软件高级版1211",
  "LastRoutine": "马克思主义基本原理",
  "EnabledPlugins": [
    "Stats"
  ]
}