{
  "LastDeckCachePid": 0,
  "AllowExternalAccess": false,
  "ShowGlobalTab": false,
  "ShowConfigurationTab": false,
  "ShowDevTab": false,
  "ShowToolsTab": false,
  "TopRowDefinitionHeight": "295*",
  "BottomRowDefinitionHeight": "175*",
  "SplitterRowDefinitionHeight": "Auto",
  "MsBetweenTicks": 15,
  "InputEventMsDelay": 50,
  "MsBetweenGuiTicks": 1000,
  "WindowX": 374,
  "WindowY": 74,
  "WindowWidth": 627,
  "WindowHeight": 600,
  "LastBot": "DefaultBot",
  "LastRoutine": "DefaultRoutine",
  "EnabledPlugins": [
    "自动停止插件",
    "统计",
    "公告"
  ]
}