{
  "_reBoot": false,
  "_IsGetState": 0,
  "_EventTime": 0,
  "ArenaDontOpenRewards": false,
  "ArenaDontDraft": false,
  "AutoConcedeMinDelayMs": 15000,
  "AutoConcedeMaxDelayMs": 30000,
  "SpectateRandomFriend": true,
  "SpectateAllowedName": "",
  "HideInactiveGameMode": true,
  "AutoConcedeAfterConstructedWin": false,
  "AutoConcedeNextConstructedGame": false,
  "RoutineMustDraftArena": true,
  "ConstructedMode": 0,
  "ConstructedCustomDeck": "",
  "AutoGreet": false,
  "GameMode": 2,
  "ConstructedGameRule": 0,
  "PracticeDifficulty": 0,
  "PracticeOpponentClass": 3,
  "PracticeCustomDeck": "",
  "FriendlyCustomDeck": "",
  "FriendlyAllowedName": "",
  "lastGameIsWin": false,
  "ReBoot": false,
  "EventTime": 0
}